,n_components,kernel,best_c,best_degree,best_gamma,best_score,accuracy
0,50,linear,0.01,,,0.8355999967123288,0.8245
1,100,linear,0.01,,,0.8454001968883151,0.8397
2,200,linear,0.01,,,0.8440001468653163,0.8407
3,50,rbf,1.0,,0.001,0.8395999767943202,0.8376
4,100,rbf,1.0,,0.001,0.8466002269093136,0.8455
5,200,rbf,1.0,,0.001,0.8511000770143001,0.8503
6,50,poly,0.01,2.0,0.1,0.857500297120294,0.8489
7,100,poly,0.001,2.0,0.1,0.8635008071892972,0.8565
8,200,poly,0.1,2.0,0.01,0.8637005872152902,0.8601
